substance_name,substance_link
α-PCYP,subs/exp_945PCYP.shtml
α-PHP,subs/exp_945PHP.shtml
α-PVP,subs/exp_945PVP.shtml
AB-001,subs/exp_AB001.shtml
AB-CHMINACA,subs/exp_ABCHMINACA.shtml
AB-FUBINACA,subs/exp_ABFUBINACA.shtml
Absinthe,subs/exp_Absinthe.shtml
Acacia,subs/exp_Acacia.shtml
Acacia confusa,subs/exp_Acacia_confusa.shtml
Acacia maidenii,subs/exp_Acacia_maidenii.shtml
Acacia phlebophylla,subs/exp_Acacia_phlebophylla.shtml
Acetaminophen,subs/exp_Acetaminophen.shtml
Acetildenafil,subs/exp_Acetildenafil.shtml
Acetylfentanyl,subs/exp_Acetylfentanyl.shtml
Aconitum napellus,subs/exp_Aconitum_napellus.shtml
ADB-FUBINACA,subs/exp_ADBFUBINACA.shtml
Adrafinil,subs/exp_Adrafinil.shtml
Adrenochrome,subs/exp_Adrenochrome.shtml
AET,subs/exp_AET.shtml
AH-7921,subs/exp_AH7921.shtml
AL-LAD,subs/exp_ALLAD.shtml
Albizia julibrissin,subs/exp_Albizia_julibrissin.shtml
Alcohol,subs/exp_Alcohol.shtml
Alcohol - Beer/Wine,subs/exp_Alcohol_Beer_I_Wine.shtml
Alcohol - Hard,subs/exp_Alcohol_Hard.shtml
ALD-52,subs/exp_ALD52.shtml
ALEPH,subs/exp_ALEPH.shtml
Aleph-4,subs/exp_Aleph4.shtml
Allylescaline,subs/exp_Allylescaline.shtml
Aloes,subs/exp_Aloes.shtml
alpha-GPC,subs/exp_alphaGPC.shtml
AM-2201,subs/exp_AM2201.shtml
AM-DIPT,subs/exp_AMDIPT.shtml
Amanitas,subs/exp_Amanitas.shtml
Amanitas - A. muscaria,subs/exp_Amanitas_A_muscaria.shtml
Amanitas - A. pantherina,subs/exp_Amanitas_A_pantherina.shtml
Amphetamines,subs/exp_Amphetamines.shtml
Amphetamines - Substituted,subs/exp_Amphetamines_Substituted.shtml
AMT,subs/exp_AMT.shtml
Anabolic Steroids,subs/exp_Anabolic_Steroids.shtml
Anadenanthera colubrina,subs/exp_Anadenanthera_colubrina.shtml
Anadenanthera peregrina,subs/exp_Anadenanthera_peregrina.shtml
Anadenanthera spp.,subs/exp_Anadenanthera_spp.shtml
Animals,subs/exp_Animals.shtml
Animals - Black Widow Spider,subs/exp_Animals_Black_Widow_Spider.shtml
Animals - Fire Ants,subs/exp_Animals_Fire_Ants.shtml
Animals - Frogs,subs/exp_Animals_Frogs.shtml
Aniracetam,subs/exp_Aniracetam.shtml
AP-238,subs/exp_AP238.shtml
Argemone spp. ,subs/exp_Argemone_spp_.shtml
Armodafinil,subs/exp_Armodafinil.shtml
Arundo donax,subs/exp_Arundo_donax.shtml
Arylcyclohexylamines,subs/exp_Arylcyclohexylamines.shtml
Ashwagandha,subs/exp_Ashwagandha.shtml
Atropine,subs/exp_Atropine.shtml
Ayahuasca,subs/exp_Ayahuasca.shtml
Bacopa monnieri,subs/exp_Bacopa_monnieri.shtml
Bad/Suspect Ecstasy,subs/exp_Bad_I_Suspect_Ecstasy.shtml
Banisteriopsis caapi,subs/exp_Banisteriopsis_caapi.shtml
Banisteriopsis muricata,subs/exp_Banisteriopsis_muricata.shtml
Barbiturates,subs/exp_Barbiturates.shtml
BDB ,subs/exp_BDB_.shtml
Bee,subs/exp_Bee.shtml
Belladonna,subs/exp_Belladonna.shtml
Benzodiazepines,subs/exp_Benzodiazepines.shtml
Benzydamine,subs/exp_Benzydamine.shtml
Betel Nut,subs/exp_Betel_Nut.shtml
Biperiden,subs/exp_Biperiden.shtml
bk-2C-B,subs/exp_bk2CB.shtml
bk-DMBDB,subs/exp_bkDMBDB.shtml
bk-EBDB,subs/exp_bkEBDB.shtml
bk-EBDP,subs/exp_bkEBDP.shtml
bk-MBDB,subs/exp_bkMBDB.shtml
bk-MDDMA,subs/exp_bkMDDMA.shtml
bk-MDEA,subs/exp_bkMDEA.shtml
Black Cohosh,subs/exp_Black_Cohosh.shtml
BOD,subs/exp_BOD.shtml
BOH-2C-B,subs/exp_BOH2CB.shtml
Boophone disticha,subs/exp_Boophone_disticha.shtml
Bremelanotide,subs/exp_Bremelanotide.shtml
Bromadol,subs/exp_Bromadol.shtml
Bromazepam,subs/exp_Bromazepam.shtml
Bromazolam,subs/exp_Bromazolam.shtml
Bromo-Dragonfly,subs/exp_BromoDragonfly.shtml
Brugmansia,subs/exp_Brugmansia.shtml
Brunfelsia spp.,subs/exp_Brunfelsia_spp.shtml
Bufotenin,subs/exp_Bufotenin.shtml
Butalbital,subs/exp_Butalbital.shtml
Butyrfentanyl,subs/exp_Butyrfentanyl.shtml
BZ,subs/exp_BZ.shtml
BZP,subs/exp_BZP.shtml
Cacao,subs/exp_Cacao.shtml
Cacti - columnar,subs/exp_Cacti_columnar.shtml
Cacti - M. geometrizans,subs/exp_Cacti_M_geometrizans.shtml
Cacti - Mescaline-containing,subs/exp_Cacti_Mescalinecontaining.shtml
Cacti - T. bridgesii,subs/exp_Cacti_T_bridgesii.shtml
Cacti - T. pachanoi,subs/exp_Cacti_T_pachanoi.shtml
Cacti - T. peruvianus,subs/exp_Cacti_T_peruvianus.shtml
Cacti - T. terscheckii,subs/exp_Cacti_T_terscheckii.shtml
Caffeine,subs/exp_Caffeine.shtml
Calamus,subs/exp_Calamus.shtml
Calea zacatechichi,subs/exp_Calea_zacatechichi.shtml
Canarium luzonicum,subs/exp_Canarium_luzonicum.shtml
Cannabidiol,subs/exp_Cannabidiol.shtml
Cannabinoid Receptor Agonists,subs/exp_Cannabinoid_Receptor_Agonists.shtml
Cannabinoids,subs/exp_Cannabinoids.shtml
Cannabis,subs/exp_Cannabis.shtml
Cannabis - Hash,subs/exp_Cannabis_Hash.shtml
Cannabis - High CBD,subs/exp_Cannabis_High_CBD.shtml
Cannabis - High THC,subs/exp_Cannabis_High_THC.shtml
Capsaicin,subs/exp_Capsaicin.shtml
Capsicum spp.,subs/exp_Capsicum_spp.shtml
Carbidopa,subs/exp_Carbidopa.shtml
Carbogen,subs/exp_Carbogen.shtml
Carbon Dioxide,subs/exp_Carbon_Dioxide.shtml
Carnegiea gigantea,subs/exp_Carnegiea_gigantea.shtml
Casimiroa edulis,subs/exp_Casimiroa_edulis.shtml
Catha edulis,subs/exp_Catha_edulis.shtml
Cathinone,subs/exp_Cathinone.shtml
Catnip,subs/exp_Catnip.shtml
Catuaba,subs/exp_Catuaba.shtml
Cerebrolysin,subs/exp_Cerebrolysin.shtml
Chamomile,subs/exp_Chamomile.shtml
Changa,subs/exp_Changa.shtml
Cheese - Blue,subs/exp_Cheese_Blue.shtml
Chloral Hydrate,subs/exp_Chloral_Hydrate.shtml
Chlorobutanol,subs/exp_Chlorobutanol.shtml
Chloroform,subs/exp_Chloroform.shtml
Chlorpheniramine Maleate,subs/exp_Chlorpheniramine_Maleate.shtml
Chocolate,subs/exp_Chocolate.shtml
Citicoline,subs/exp_Citicoline.shtml
Clenbuterol,subs/exp_Clenbuterol.shtml
Clobazam,subs/exp_Clobazam.shtml
Clonazolam,subs/exp_Clonazolam.shtml
Cloves,subs/exp_Cloves.shtml
Clozapine,subs/exp_Clozapine.shtml
Coca,subs/exp_Coca.shtml
Cocaine,subs/exp_Cocaine.shtml
Codeine,subs/exp_Codeine.shtml
Coffee,subs/exp_Coffee.shtml
Coleus,subs/exp_Coleus.shtml
Coluracetam,subs/exp_Coluracetam.shtml
Coryphantha macromeris,subs/exp_Coryphantha_macromeris.shtml
"CP 47,497",subs/exp_CP_47497.shtml
"CP 55,940",subs/exp_CP_55940.shtml
Crack,subs/exp_Crack.shtml
Cytisus scoparius,subs/exp_Cytisus_scoparius.shtml
DALT,subs/exp_DALT.shtml
Damiana,subs/exp_Damiana.shtml
Datura,subs/exp_Datura.shtml
Delosperma cooperi,subs/exp_Delosperma_cooperi.shtml
Deschloroetizolam,subs/exp_Deschloroetizolam.shtml
Deschloroketamine,subs/exp_Deschloroketamine.shtml
Desfontainia spinosa,subs/exp_Desfontainia_spinosa.shtml
Desfontainia spp.,subs/exp_Desfontainia_spp.shtml
Desmanthus illinoensis,subs/exp_Desmanthus_illinoensis.shtml
Desoxyescaline,subs/exp_Desoxyescaline.shtml
Desoxypipradrol,subs/exp_Desoxypipradrol.shtml
Desvenlafaxine,subs/exp_Desvenlafaxine.shtml
DET,subs/exp_DET.shtml
Detomidine,subs/exp_Detomidine.shtml
Dexamethasone,subs/exp_Dexamethasone.shtml
DHEA,subs/exp_DHEA.shtml
Diclazepam,subs/exp_Diclazepam.shtml
Dimenhydrinate,subs/exp_Dimenhydrinate.shtml
Dimethocaine,subs/exp_Dimethocaine.shtml
Dioscorea spp.,subs/exp_Dioscorea_spp.shtml
Diphenhydramine,subs/exp_Diphenhydramine.shtml
Diphenidine,subs/exp_Diphenidine.shtml
Diphenoxylate,subs/exp_Diphenoxylate.shtml
Diphenyl-2-pyrrolidinemethanol,subs/exp_Diphenyl2pyrrolidinemethanol.shtml
Diplopterys cabrerana,subs/exp_Diplopterys_cabrerana.shtml
DiPT,subs/exp_DiPT.shtml
Ditran,subs/exp_Ditran.shtml
Dizocilpine,subs/exp_Dizocilpine.shtml
DMAE,subs/exp_DMAE.shtml
DMMDA,subs/exp_DMMDA.shtml
DMT,subs/exp_DMT.shtml
DMXE,subs/exp_DMXE.shtml
DOB,subs/exp_DOB.shtml
DOC,subs/exp_DOC.shtml
DOET,subs/exp_DOET.shtml
DOF,subs/exp_DOF.shtml
DOI,subs/exp_DOI.shtml
DOIP,subs/exp_DOIP.shtml
DOM,subs/exp_DOM.shtml
DON,subs/exp_DON.shtml
Donepezil,subs/exp_Donepezil.shtml
DOPR,subs/exp_DOPR.shtml
DPT,subs/exp_DPT.shtml
Duloxetine,subs/exp_Duloxetine.shtml
DXM,subs/exp_DXM.shtml
DXO,subs/exp_DXO.shtml
Echinacea,subs/exp_Echinacea.shtml
Entada rheedii,subs/exp_Entada_rheedii.shtml
Ephedra nevadensis,subs/exp_Ephedra_nevadensis.shtml
Ephedra sinica,subs/exp_Ephedra_sinica.shtml
Ephedrine,subs/exp_Ephedrine.shtml
Ephenidine,subs/exp_Ephenidine.shtml
EPT,subs/exp_EPT.shtml
Ergoloid mesylates,subs/exp_Ergoloid_mesylates.shtml
Erythrina mulungu,subs/exp_Erythrina_mulungu.shtml
Erythroxylum novogranatense,subs/exp_Erythroxylum_novogranatense.shtml
Escaline,subs/exp_Escaline.shtml
Estradiol,subs/exp_Estradiol.shtml
Etaqualone,subs/exp_Etaqualone.shtml
ETH-LAD,subs/exp_ETHLAD.shtml
Ether,subs/exp_Ether.shtml
Ethylcathinone,subs/exp_Ethylcathinone.shtml
Ethylphenidate,subs/exp_Ethylphenidate.shtml
Etizolam,subs/exp_Etizolam.shtml
Fasoracetam,subs/exp_Fasoracetam.shtml
Flualprazolam,subs/exp_Flualprazolam.shtml
Flubromazepam,subs/exp_Flubromazepam.shtml
Flubromazolam,subs/exp_Flubromazolam.shtml
Flunitrazolam,subs/exp_Flunitrazolam.shtml
Fluorophenibut,subs/exp_Fluorophenibut.shtml
Flutoprazepam,subs/exp_Flutoprazepam.shtml
Frankincense,subs/exp_Frankincense.shtml
Furanylfentanyl,subs/exp_Furanylfentanyl.shtml
GABA,subs/exp_GABA.shtml
GABOB,subs/exp_GABOB.shtml
Galangal,subs/exp_Galangal.shtml
Galantamine,subs/exp_Galantamine.shtml
Gamma-Crotonolactone,subs/exp_GammaCrotonolactone.shtml
Garlic,subs/exp_Garlic.shtml
GBL,subs/exp_GBL.shtml
GHB,subs/exp_GHB.shtml
GHV,subs/exp_GHV.shtml
Ginger,subs/exp_Ginger.shtml
Ginkgo biloba,subs/exp_Ginkgo_biloba.shtml
Ginseng,subs/exp_Ginseng.shtml
Glaucine,subs/exp_Glaucine.shtml
Gotu Kola,subs/exp_Gotu_Kola.shtml
Guarana,subs/exp_Guarana.shtml
GVL,subs/exp_GVL.shtml
H.B. Woodrose,subs/exp_HB_Woodrose.shtml
Halothane,subs/exp_Halothane.shtml
Harmala Alkaloids,subs/exp_Harmala_Alkaloids.shtml
Harmaline,subs/exp_Harmaline.shtml
Harmine,subs/exp_Harmine.shtml
HDMP-28,subs/exp_HDMP28.shtml
Heimia myrtifolia,subs/exp_Heimia_myrtifolia.shtml
Heimia salicifolia,subs/exp_Heimia_salicifolia.shtml
Herbal Ecstasy,subs/exp_Herbal_Ecstasy.shtml
Heroin,subs/exp_Heroin.shtml
Hoodia gordonii,subs/exp_Hoodia_gordonii.shtml
Hops,subs/exp_Hops.shtml
Hordenine,subs/exp_Hordenine.shtml
HOT-17,subs/exp_HOT17.shtml
HOT-2,subs/exp_HOT2.shtml
HOT-7,subs/exp_HOT7.shtml
HU-210,subs/exp_HU210.shtml
Huasca Brew,subs/exp_Huasca_Brew.shtml
Huasca Brew Group,subs/exp_Huasca_Brew_Group.shtml
Huasca Combo,subs/exp_Huasca_Combo.shtml
Huasca Group,subs/exp_Huasca_Group.shtml
Huperzine ,subs/exp_Huperzine_.shtml
Hydrangea,subs/exp_Hydrangea.shtml
Hydrocodone,subs/exp_Hydrocodone.shtml
Hydromorphone,subs/exp_Hydromorphone.shtml
Hydroxyzine,subs/exp_Hydroxyzine.shtml
Hyoscyamine,subs/exp_Hyoscyamine.shtml
Hyoscyamus niger,subs/exp_Hyoscyamus_niger.shtml
IAP,subs/exp_IAP.shtml
Iboga Alkaloid Group,subs/exp_Iboga_Alkaloid_Group.shtml
Ibogaine,subs/exp_Ibogaine.shtml
Idebenone,subs/exp_Idebenone.shtml
Ilex guayusa,subs/exp_Ilex_guayusa.shtml
Ilex vomitoria,subs/exp_Ilex_vomitoria.shtml
Indian Warrior,subs/exp_Indian_Warrior.shtml
Inhalants,subs/exp_Inhalants.shtml
Inhalants - Nitrites,subs/exp_Inhalants_Nitrites.shtml
Isopropylphenidate,subs/exp_Isopropylphenidate.shtml
JWH-018,subs/exp_JWH018.shtml
JWH-019,subs/exp_JWH019.shtml
JWH-073,subs/exp_JWH073.shtml
JWH-081,subs/exp_JWH081.shtml
JWH-122,subs/exp_JWH122.shtml
JWH-200,subs/exp_JWH200.shtml
JWH-210,subs/exp_JWH210.shtml
JWH-250,subs/exp_JWH250.shtml
Kava,subs/exp_Kava.shtml
Ketamine,subs/exp_Ketamine.shtml
Kola Nut,subs/exp_Kola_Nut.shtml
Kratom,subs/exp_Kratom.shtml
L-DOPA,subs/exp_LDOPA.shtml
Lactuca - L. canadensis,subs/exp_Lactuca_L_canadensis.shtml
Lactuca - L. virosa,subs/exp_Lactuca_L_virosa.shtml
Lactuca spp.,subs/exp_Lactuca_spp.shtml
Lady's Slipper,subs/exp_Ladys_Slipper.shtml
Lagochilus inebrians,subs/exp_Lagochilus_inebrians.shtml
Lamid,subs/exp_Lamid.shtml
Lavandula spp.,subs/exp_Lavandula_spp.shtml
Lecithin,subs/exp_Lecithin.shtml
Lemon Balm,subs/exp_Lemon_Balm.shtml
Leonotis leonurus,subs/exp_Leonotis_leonurus.shtml
Leonotis nepetaefolia,subs/exp_Leonotis_nepetaefolia.shtml
Leonurus cardiaca,subs/exp_Leonurus_cardiaca.shtml
Leonurus sibiricus,subs/exp_Leonurus_sibiricus.shtml
Levmetamfetamine,subs/exp_Levmetamfetamine.shtml
Licorice Root,subs/exp_Licorice_Root.shtml
Lisdexamfetamine,subs/exp_Lisdexamfetamine.shtml
Lobelia spp.,subs/exp_Lobelia_spp.shtml
Loperamide,subs/exp_Loperamide.shtml
Lorcaserin,subs/exp_Lorcaserin.shtml
Lotus/Lily - Nelumbo nucifera,subs/exp_Lotus_I_Lily_Nelumbo_nucifera.shtml
Lotus/Lily - Nymphaea alba,subs/exp_Lotus_I_Lily_Nymphaea_alba.shtml
Lotus/Lily - Nymphaea nouchali var caerulea,subs/exp_Lotus_I_Lily_Nymphaea_nouchali_var_caerulea.shtml
Lotus/Lily - Nymphaea pubescens,subs/exp_Lotus_I_Lily_Nymphaea_pubescens.shtml
Lotus/Lily - Unknown spp.,subs/exp_Lotus_I_Lily_Unknown_spp.shtml
Lotus/Lily Group,subs/exp_Lotus_I_Lily_Group.shtml
LSA,subs/exp_LSA.shtml
LSD,subs/exp_LSD.shtml
LSM-775,subs/exp_LSM775.shtml
LSZ,subs/exp_LSZ.shtml
MALT,subs/exp_MALT.shtml
Mandrake,subs/exp_Mandrake.shtml
Mansoa alliacea,subs/exp_Mansoa_alliacea.shtml
MAOIs,subs/exp_MAOIs.shtml
MBDB,subs/exp_MBDB.shtml
mCPP,subs/exp_mCPP.shtml
MDA,subs/exp_MDA.shtml
MDAI,subs/exp_MDAI.shtml
MDE,subs/exp_MDE.shtml
MDMA,subs/exp_MDMA.shtml
MDMB-CHMICA,subs/exp_MDMBCHMICA.shtml
MDOH,subs/exp_MDOH.shtml
MDPHP,subs/exp_MDPHP.shtml
MDPR,subs/exp_MDPR.shtml
MDPT,subs/exp_MDPT.shtml
MDPV,subs/exp_MDPV.shtml
Meclofenoxate,subs/exp_Meclofenoxate.shtml
Melatonin,subs/exp_Melatonin.shtml
MEM,subs/exp_MEM.shtml
MeOPP,subs/exp_MeOPP.shtml
Mescaline,subs/exp_Mescaline.shtml
Mescaline-NBOMe,subs/exp_MescalineNBOMe.shtml
MET,subs/exp_MET.shtml
Metaxalone,subs/exp_Metaxalone.shtml
Methadone,subs/exp_Methadone.shtml
Methallylescaline,subs/exp_Methallylescaline.shtml
Methamphetamine,subs/exp_Methamphetamine.shtml
Methaqualone,subs/exp_Methaqualone.shtml
Methcathinone,subs/exp_Methcathinone.shtml
Methiopropamine,subs/exp_Methiopropamine.shtml
Methocarbamol,subs/exp_Methocarbamol.shtml
Methoxetamine,subs/exp_Methoxetamine.shtml
Methoxmetamine,subs/exp_Methoxmetamine.shtml
Methoxphenidine,subs/exp_Methoxphenidine.shtml
Methoxpropamine,subs/exp_Methoxpropamine.shtml
Methoxyketamine,subs/exp_Methoxyketamine.shtml
Methylliberine,subs/exp_Methylliberine.shtml
Methylmethaqualone,subs/exp_Methylmethaqualone.shtml
Methylone,subs/exp_Methylone.shtml
Metoprolol,subs/exp_Metoprolol.shtml
Milk Thistle,subs/exp_Milk_Thistle.shtml
Mimosa ophthalmocentra,subs/exp_Mimosa_ophthalmocentra.shtml
Mimosa spp.,subs/exp_Mimosa_spp.shtml
Mimosa tenuiflora,subs/exp_Mimosa_tenuiflora.shtml
MIPLA,subs/exp_MIPLA.shtml
MIPT,subs/exp_MIPT.shtml
Miracle Berry,subs/exp_Miracle_Berry.shtml
Mitragynine,subs/exp_Mitragynine.shtml
MMDA,subs/exp_MMDA.shtml
MMDA-3a,subs/exp_MMDA3a.shtml
Moclobemide,subs/exp_Moclobemide.shtml
Modafinil,subs/exp_Modafinil.shtml
Monotropa uniflora,subs/exp_Monotropa_uniflora.shtml
Morning Glory,subs/exp_Morning_Glory.shtml
Morphine,subs/exp_Morphine.shtml
MPT,subs/exp_MPT.shtml
MT-45,subs/exp_MT45.shtml
Mucuna pruriens,subs/exp_Mucuna_pruriens.shtml
Mugwort,subs/exp_Mugwort.shtml
Muira-Puama,subs/exp_MuiraPuama.shtml
Mulberry,subs/exp_Mulberry.shtml
Mullein,subs/exp_Mullein.shtml
Mushrooms,subs/exp_Mushrooms.shtml
Mushrooms - G. spectabilis,subs/exp_Mushrooms_G_spectabilis.shtml
Mushrooms - P. atlantis,subs/exp_Mushrooms_P_atlantis.shtml
Mushrooms - P. azurescens,subs/exp_Mushrooms_P_azurescens.shtml
Mushrooms - P. cubensis,subs/exp_Mushrooms_P_cubensis.shtml
Mushrooms - P. cyanescens,subs/exp_Mushrooms_P_cyanescens.shtml
Mushrooms - P. mexicana,subs/exp_Mushrooms_P_mexicana.shtml
Mushrooms - P. semilanceata,subs/exp_Mushrooms_P_semilanceata.shtml
Mushrooms - P. subaeruginosa,subs/exp_Mushrooms_P_subaeruginosa.shtml
Mushrooms - P. tampanensis,subs/exp_Mushrooms_P_tampanensis.shtml
Mushrooms - P. weilii,subs/exp_Mushrooms_P_weilii.shtml
Mushrooms - Panaeolus cyanescens,subs/exp_Mushrooms_Panaeolus_cyanescens.shtml
MXiPr,subs/exp_MXiPr.shtml
Myrrh,subs/exp_Myrrh.shtml
N-Ethylhexedrone,subs/exp_NEthylhexedrone.shtml
N-Ethylpentedrone,subs/exp_NEthylpentedrone.shtml
Nabilone,subs/exp_Nabilone.shtml
Naloxone,subs/exp_Naloxone.shtml
Naltrexone,subs/exp_Naltrexone.shtml
Naproxen,subs/exp_Naproxen.shtml
Napthylpyrovalerone,subs/exp_Napthylpyrovalerone.shtml
NBOH Series,subs/exp_NBOH_Series.shtml
NBOMe Series,subs/exp_NBOMe_Series.shtml
Nefazodone,subs/exp_Nefazodone.shtml
Nicotine,subs/exp_Nicotine.shtml
Nimetazepam,subs/exp_Nimetazepam.shtml
Nitric Oxide,subs/exp_Nitric_Oxide.shtml
Nitrous Oxide,subs/exp_Nitrous_Oxide.shtml
NMDA Antagonists,subs/exp_NMDA_Antagonists.shtml
Noopept ,subs/exp_Noopept_.shtml
Nootka Lupine,subs/exp_Nootka_Lupine.shtml
Novel Cannabinoid Receptor Agonists,subs/exp_Novel_Cannabinoid_Receptor_Agonists.shtml
Nutmeg,subs/exp_Nutmeg.shtml
O-Desmethyltramadol,subs/exp_ODesmethyltramadol.shtml
Opiates,subs/exp_Opiates.shtml
Opioids,subs/exp_Opioids.shtml
Opium,subs/exp_Opium.shtml
Orphenadrine,subs/exp_Orphenadrine.shtml
Oxazepam,subs/exp_Oxazepam.shtml
Oxycodone,subs/exp_Oxycodone.shtml
Oxygen,subs/exp_Oxygen.shtml
Oxytocin,subs/exp_Oxytocin.shtml
Passion Flower,subs/exp_Passion_Flower.shtml
PCE,subs/exp_PCE.shtml
PCP,subs/exp_PCP.shtml
Pedicularis spp.,subs/exp_Pedicularis_spp.shtml
Pennyroyal,subs/exp_Pennyroyal.shtml
Pentazocine,subs/exp_Pentazocine.shtml
Pentedrone,subs/exp_Pentedrone.shtml
Pentylone,subs/exp_Pentylone.shtml
Periwinkle,subs/exp_Periwinkle.shtml
Petroleum Ether,subs/exp_Petroleum_Ether.shtml
Peyote,subs/exp_Peyote.shtml
pFPP,subs/exp_pFPP.shtml
Phalaris Grass,subs/exp_Phalaris_Grass.shtml
Pharmaceuticals,subs/exp_Pharmaceuticals.shtml
Pharmahuasca,subs/exp_Pharmahuasca.shtml
Pharms -  Dexmethylphenidate,subs/exp_Pharms__Dexmethylphenidate.shtml
Pharms - Albuterol,subs/exp_Pharms_Albuterol.shtml
Pharms - Alprazolam,subs/exp_Pharms_Alprazolam.shtml
Pharms - Amineptine,subs/exp_Pharms_Amineptine.shtml
Pharms - Amitriptyline,subs/exp_Pharms_Amitriptyline.shtml
Pharms - Antibiotics,subs/exp_Pharms_Antibiotics.shtml
Pharms - Aripiprazole,subs/exp_Pharms_Aripiprazole.shtml
Pharms - Atenolol,subs/exp_Pharms_Atenolol.shtml
Pharms - Atomoxetine,subs/exp_Pharms_Atomoxetine.shtml
Pharms - Baclofen,subs/exp_Pharms_Baclofen.shtml
Pharms - Benzphetamine,subs/exp_Pharms_Benzphetamine.shtml
Pharms - Buprenorphine,subs/exp_Pharms_Buprenorphine.shtml
Pharms - Bupropion,subs/exp_Pharms_Bupropion.shtml
Pharms - Buspirone,subs/exp_Pharms_Buspirone.shtml
Pharms - Butorphanol,subs/exp_Pharms_Butorphanol.shtml
Pharms - Carbamazepine,subs/exp_Pharms_Carbamazepine.shtml
Pharms - Carisoprodol,subs/exp_Pharms_Carisoprodol.shtml
Pharms - Chlordiazepoxide,subs/exp_Pharms_Chlordiazepoxide.shtml
Pharms - Chlorpromazine,subs/exp_Pharms_Chlorpromazine.shtml
Pharms - Citalopram,subs/exp_Pharms_Citalopram.shtml
Pharms - Clonazepam,subs/exp_Pharms_Clonazepam.shtml
Pharms - Clonidine,subs/exp_Pharms_Clonidine.shtml
Pharms - Corticosteroid,subs/exp_Pharms_Corticosteroid.shtml
Pharms - Cyclizine,subs/exp_Pharms_Cyclizine.shtml
Pharms - Cyclobenzaprine,subs/exp_Pharms_Cyclobenzaprine.shtml
Pharms - Diazepam,subs/exp_Pharms_Diazepam.shtml
Pharms - Dihydrocodeine,subs/exp_Pharms_Dihydrocodeine.shtml
Pharms - Divalproex,subs/exp_Pharms_Divalproex.shtml
Pharms - Doxepin,subs/exp_Pharms_Doxepin.shtml
Pharms - Doxycycline ,subs/exp_Pharms_Doxycycline_.shtml
Pharms - Doxylamine,subs/exp_Pharms_Doxylamine.shtml
Pharms - Dronabinol,subs/exp_Pharms_Dronabinol.shtml
Pharms - Escitalopram,subs/exp_Pharms_Escitalopram.shtml
Pharms - Eszopiclone,subs/exp_Pharms_Eszopiclone.shtml
Pharms - Ethchlorvynol,subs/exp_Pharms_Ethchlorvynol.shtml
Pharms - Ethylmorphine,subs/exp_Pharms_Ethylmorphine.shtml
Pharms - Fenfluramine,subs/exp_Pharms_Fenfluramine.shtml
Pharms - Fentanyl,subs/exp_Pharms_Fentanyl.shtml
Pharms - Flunitrazepam,subs/exp_Pharms_Flunitrazepam.shtml
Pharms - Fluoxetine,subs/exp_Pharms_Fluoxetine.shtml
Pharms - Flurazepam,subs/exp_Pharms_Flurazepam.shtml
Pharms - Fluvoxamine,subs/exp_Pharms_Fluvoxamine.shtml
Pharms - Gabapentin,subs/exp_Pharms_Gabapentin.shtml
Pharms - Haloperidol,subs/exp_Pharms_Haloperidol.shtml
Pharms - Hydroxyzine,subs/exp_Pharms_Hydroxyzine.shtml
Pharms - Ibuprofen,subs/exp_Pharms_Ibuprofen.shtml
Pharms - Ketobemidone,subs/exp_Pharms_Ketobemidone.shtml
Pharms - Lamotrigine ,subs/exp_Pharms_Lamotrigine_.shtml
Pharms - Levorphanol,subs/exp_Pharms_Levorphanol.shtml
Pharms - Lidocaine,subs/exp_Pharms_Lidocaine.shtml
Pharms - Lithium,subs/exp_Pharms_Lithium.shtml
Pharms - Lorazepam,subs/exp_Pharms_Lorazepam.shtml
Pharms - Losartan,subs/exp_Pharms_Losartan.shtml
Pharms - Lurasidone,subs/exp_Pharms_Lurasidone.shtml
Pharms - Meclizine,subs/exp_Pharms_Meclizine.shtml
Pharms - Mefloquine,subs/exp_Pharms_Mefloquine.shtml
Pharms - Memantine,subs/exp_Pharms_Memantine.shtml
Pharms - Meperidine,subs/exp_Pharms_Meperidine.shtml
Pharms - Meprobamate,subs/exp_Pharms_Meprobamate.shtml
Pharms - Metaxalone,subs/exp_Pharms_Metaxalone.shtml
Pharms - Methotrimeprazine,subs/exp_Pharms_Methotrimeprazine.shtml
Pharms - Methylphenidate,subs/exp_Pharms_Methylphenidate.shtml
Pharms - Midazolam,subs/exp_Pharms_Midazolam.shtml
Pharms - Mirtazapine,subs/exp_Pharms_Mirtazapine.shtml
Pharms - Nalbuphine,subs/exp_Pharms_Nalbuphine.shtml
Pharms - Nortriptyline,subs/exp_Pharms_Nortriptyline.shtml
Pharms - Olanzapine,subs/exp_Pharms_Olanzapine.shtml
Pharms - Oxymorphone,subs/exp_Pharms_Oxymorphone.shtml
Pharms - Paroxetine,subs/exp_Pharms_Paroxetine.shtml
Pharms - Pentobarbital,subs/exp_Pharms_Pentobarbital.shtml
Pharms - Perazine,subs/exp_Pharms_Perazine.shtml
Pharms - Phenazepam,subs/exp_Pharms_Phenazepam.shtml
Pharms - Phenelzine,subs/exp_Pharms_Phenelzine.shtml
Pharms - Phentermine,subs/exp_Pharms_Phentermine.shtml
Pharms - Phenylephrine,subs/exp_Pharms_Phenylephrine.shtml
Pharms - Phenytoin,subs/exp_Pharms_Phenytoin.shtml
Pharms - Prednisone,subs/exp_Pharms_Prednisone.shtml
Pharms - Pregabalin,subs/exp_Pharms_Pregabalin.shtml
Pharms - Procaine,subs/exp_Pharms_Procaine.shtml
Pharms - Procyclidine,subs/exp_Pharms_Procyclidine.shtml
Pharms - Promethazine,subs/exp_Pharms_Promethazine.shtml
Pharms - Propofol,subs/exp_Pharms_Propofol.shtml
Pharms - Propoxyphene,subs/exp_Pharms_Propoxyphene.shtml
Pharms - Propranolol,subs/exp_Pharms_Propranolol.shtml
Pharms - Propylhexedrine,subs/exp_Pharms_Propylhexedrine.shtml
Pharms - Quetiapine,subs/exp_Pharms_Quetiapine.shtml
Pharms - Reboxetine,subs/exp_Pharms_Reboxetine.shtml
Pharms - Risperidone,subs/exp_Pharms_Risperidone.shtml
Pharms - Secobarbital,subs/exp_Pharms_Secobarbital.shtml
Pharms - Selegeline,subs/exp_Pharms_Selegeline.shtml
Pharms - Sertraline,subs/exp_Pharms_Sertraline.shtml
Pharms - Sildenafil,subs/exp_Pharms_Sildenafil.shtml
Pharms - Temazepam,subs/exp_Pharms_Temazepam.shtml
Pharms - Tiagabine,subs/exp_Pharms_Tiagabine.shtml
Pharms - Tianeptine,subs/exp_Pharms_Tianeptine.shtml
Pharms - Tiletamine,subs/exp_Pharms_Tiletamine.shtml
Pharms - Topiramate,subs/exp_Pharms_Topiramate.shtml
Pharms - Tramadol,subs/exp_Pharms_Tramadol.shtml
Pharms - Tranylcypromine,subs/exp_Pharms_Tranylcypromine.shtml
Pharms - Trazodone,subs/exp_Pharms_Trazodone.shtml
Pharms - Triazolam,subs/exp_Pharms_Triazolam.shtml
Pharms - Valproate,subs/exp_Pharms_Valproate.shtml
Pharms - Venlafaxine,subs/exp_Pharms_Venlafaxine.shtml
Pharms - Zaleplon,subs/exp_Pharms_Zaleplon.shtml
Pharms - Ziprasidone,subs/exp_Pharms_Ziprasidone.shtml
Pharms - Zolazepam,subs/exp_Pharms_Zolazepam.shtml
Pharms - Zolpidem,subs/exp_Pharms_Zolpidem.shtml
Pharms - Zopiclone,subs/exp_Pharms_Zopiclone.shtml
Phendimetrazine,subs/exp_Phendimetrazine.shtml
Phenethylamine,subs/exp_Phenethylamine.shtml
Phenethylamines,subs/exp_Phenethylamines.shtml
Phenethylamines - Other,subs/exp_Phenethylamines_Other.shtml
Phenobarbital,subs/exp_Phenobarbital.shtml
Phenylalanine,subs/exp_Phenylalanine.shtml
Phenylpiracetam,subs/exp_Phenylpiracetam.shtml
Phosphatidylserine,subs/exp_Phosphatidylserine.shtml
Phyllomedusa bicolor,subs/exp_Phyllomedusa_bicolor.shtml
Picamilon,subs/exp_Picamilon.shtml
Picralima nitida,subs/exp_Picralima_nitida.shtml
Pinoline,subs/exp_Pinoline.shtml
Piperazines,subs/exp_Piperazines.shtml
Piracetam,subs/exp_Piracetam.shtml
Pituri,subs/exp_Pituri.shtml
PMA,subs/exp_PMA.shtml
PMEA,subs/exp_PMEA.shtml
PMMA,subs/exp_PMMA.shtml
Poppies - California,subs/exp_Poppies_California.shtml
Poppies - Opium,subs/exp_Poppies_Opium.shtml
Pramipexole,subs/exp_Pramipexole.shtml
Pramiracetam,subs/exp_Pramiracetam.shtml
prazosin,subs/exp_prazosin.shtml
PRL-8-53,subs/exp_PRL853.shtml
"Products - Bath Salts, Plant Food, etc",subs/exp_Products_Bath_Salts_Plant_Food_etc.shtml
Products - Other,subs/exp_Products_Other.shtml
Products - Other Cannabis-Like Smoking Blends,subs/exp_Products_Other_CannabisLike_Smoking_Blends.shtml
Products - Spice-Like Smoking Blends,subs/exp_Products_SpiceLike_Smoking_Blends.shtml
Proscaline,subs/exp_Proscaline.shtml
Pseudoephedrine,subs/exp_Pseudoephedrine.shtml
Psilocin,subs/exp_Psilocin.shtml
Psilocybin,subs/exp_Psilocybin.shtml
Psychotria viridis,subs/exp_Psychotria_viridis.shtml
Pyrazolam,subs/exp_Pyrazolam.shtml
Red Rock,subs/exp_Red_Rock.shtml
Rhodiola rosea,subs/exp_Rhodiola_rosea.shtml
Ritonavir,subs/exp_Ritonavir.shtml
S-Ketamine,subs/exp_SKetamine.shtml
Sakae Naa ,subs/exp_Sakae_Naa_.shtml
Salvia apiana,subs/exp_Salvia_apiana.shtml
Salvia divinorum,subs/exp_Salvia_divinorum.shtml
Salvia officinalis,subs/exp_Salvia_officinalis.shtml
Salvia sclarea,subs/exp_Salvia_sclarea.shtml
Salvia splendens,subs/exp_Salvia_splendens.shtml
Salvia spp.,subs/exp_Salvia_spp.shtml
Salvia verticillata,subs/exp_Salvia_verticillata.shtml
Salvinorin A,subs/exp_Salvinorin_A.shtml
Salvinorin B Ethoxymethyl Ether,subs/exp_Salvinorin_B_Ethoxymethyl_Ether.shtml
Salvinorin Group,subs/exp_Salvinorin_Group.shtml
SAMe,subs/exp_SAMe.shtml
Sassafras,subs/exp_Sassafras.shtml
Sceletium tortuosum,subs/exp_Sceletium_tortuosum.shtml
Scopolamine,subs/exp_Scopolamine.shtml
Sibutramine,subs/exp_Sibutramine.shtml
Sida cordifolia,subs/exp_Sida_cordifolia.shtml
Silene capensis,subs/exp_Silene_capensis.shtml
Skullcap,subs/exp_Skullcap.shtml
Smarts,subs/exp_Smarts.shtml
Smarts - Oxiracetam,subs/exp_Smarts_Oxiracetam.shtml
Smarts - Phenibut,subs/exp_Smarts_Phenibut.shtml
Smarts - Sulbutiamine,subs/exp_Smarts_Sulbutiamine.shtml
Sophora secundiflora,subs/exp_Sophora_secundiflora.shtml
Spearmint,subs/exp_Spearmint.shtml
SSRIs,subs/exp_SSRIs.shtml
St. John's Wort,subs/exp_St_Johns_Wort.shtml
Stimulants,subs/exp_Stimulants.shtml
Stipa robusta,subs/exp_Stipa_robusta.shtml
Sumatriptan,subs/exp_Sumatriptan.shtml
Synaptolepis kirkii,subs/exp_Synaptolepis_kirkii.shtml
Syrian Rue,subs/exp_Syrian_Rue.shtml
Tabernaemontana spp.,subs/exp_Tabernaemontana_spp.shtml
Tabernanthe iboga,subs/exp_Tabernanthe_iboga.shtml
Tagetes lucida,subs/exp_Tagetes_lucida.shtml
Tanacetum parthenium,subs/exp_Tanacetum_parthenium.shtml
Tapentadol,subs/exp_Tapentadol.shtml
TCB-2,subs/exp_TCB2.shtml
Tea,subs/exp_Tea.shtml
Testosterone,subs/exp_Testosterone.shtml
Tetrahydroharmine,subs/exp_Tetrahydroharmine.shtml
TFMPP,subs/exp_TFMPP.shtml
Theanine,subs/exp_Theanine.shtml
Thebacon,subs/exp_Thebacon.shtml
THJ-018,subs/exp_THJ018.shtml
Thujone,subs/exp_Thujone.shtml
Tilidine,subs/exp_Tilidine.shtml
Tizanidine,subs/exp_Tizanidine.shtml
TMA,subs/exp_TMA.shtml
TMA-2,subs/exp_TMA2.shtml
TMA-6,subs/exp_TMA6.shtml
Toad Venom,subs/exp_Toad_Venom.shtml
Tobacco,subs/exp_Tobacco.shtml
Tobacco - Cigarettes,subs/exp_Tobacco_Cigarettes.shtml
Trihexyphenidyl,subs/exp_Trihexyphenidyl.shtml
Tripelennamine,subs/exp_Tripelennamine.shtml
Triprolidine,subs/exp_Triprolidine.shtml
Tropane Plants,subs/exp_Tropane_Plants.shtml
Tryptamines - Substituted,subs/exp_Tryptamines_Substituted.shtml
Tryptophan,subs/exp_Tryptophan.shtml
Tryptophan - 5-HTP,subs/exp_Tryptophan_5HTP.shtml
Tryptophan - L-Tryptophan,subs/exp_Tryptophan_LTryptophan.shtml
Turbina corymbosa,subs/exp_Turbina_corymbosa.shtml
Tyrosine,subs/exp_Tyrosine.shtml
U-47700,subs/exp_U47700.shtml
Unknown,subs/exp_Unknown.shtml
UR-144,subs/exp_UR144.shtml
Uva Ursi,subs/exp_Uva_Ursi.shtml
Valerian,subs/exp_Valerian.shtml
Vardenafil,subs/exp_Vardenafil.shtml
Varenicline,subs/exp_Varenicline.shtml
Various,subs/exp_Various.shtml
Vasopressin,subs/exp_Vasopressin.shtml
Vervain,subs/exp_Vervain.shtml
Vinpocetine,subs/exp_Vinpocetine.shtml
Virola elongata,subs/exp_Virola_elongata.shtml
Virola spp.,subs/exp_Virola_spp.shtml
Vitamin B-6,subs/exp_Vitamin_B6.shtml
Vitamin C,subs/exp_Vitamin_C.shtml
Vitamins - Choline,subs/exp_Vitamins_Choline.shtml
Vitamins - Niacin,subs/exp_Vitamins_Niacin.shtml
Vitamins / Supplements,subs/exp_Vitamins_I_Supplements.shtml
Voacanga africana,subs/exp_Voacanga_africana.shtml
Wasabi,subs/exp_Wasabi.shtml
Wormwood,subs/exp_Wormwood.shtml
Xenon,subs/exp_Xenon.shtml
XLR-11,subs/exp_XLR11.shtml
Xylazine,subs/exp_Xylazine.shtml
Yarrow,subs/exp_Yarrow.shtml
Yerba Mate,subs/exp_Yerba_Mate.shtml
Yohimbe,subs/exp_Yohimbe.shtml
Yohimbine,subs/exp_Yohimbine.shtml
Zornia latifolia,subs/exp_Zornia_latifolia.shtml
zz Mood_Stabilizers,subs/exp_zz_Mood_Stabilizers.shtml
zz_Psychedelics - 2021 JH,subs/exp_zz_Psychedelics_2021_JH.shtml
"1,4-Butanediol",subs/exp_14Butanediol.shtml
19-Norandrostenedione,subs/exp_19Norandrostenedione.shtml
1B-LSD,subs/exp_1BLSD.shtml
1cP-LSD,subs/exp_1cPLSD.shtml
1F-LSD,subs/exp_1FLSD.shtml
1P-ETH-LAD,subs/exp_1PETHLAD.shtml
1P-LSD,subs/exp_1PLSD.shtml
2'-Oxo-PCE,subs/exp_2OxoPCE.shtml
"2,6-Dibromomescaline",subs/exp_26Dibromomescaline.shtml
"2-, 3-, or 4-Methylmethcathinone",subs/exp_2_3_or_4Methylmethcathinone.shtml
2-Aminoindan,subs/exp_2Aminoindan.shtml
2-Fluoroamphetamine,subs/exp_2Fluoroamphetamine.shtml
2-Fluorodeschloroketamine,subs/exp_2Fluorodeschloroketamine.shtml
2-Fluoroethamphetamine,subs/exp_2Fluoroethamphetamine.shtml
2-Fluoromethamphetamine,subs/exp_2Fluoromethamphetamine.shtml
2-hydroxycocaine,subs/exp_2hydroxycocaine.shtml
2-Me-DMT,subs/exp_2MeDMT.shtml
2-Methyl AP-237,subs/exp_2Methyl_AP237.shtml
2-Methyl-2-Butanol,subs/exp_2Methyl2Butanol.shtml
2-Methylmethcathinone,subs/exp_2Methylmethcathinone.shtml
25B-NBOH,subs/exp_25BNBOH.shtml
25B-NBOMe,subs/exp_25BNBOMe.shtml
25C-NBOH,subs/exp_25CNBOH.shtml
25C-NBOMe,subs/exp_25CNBOMe.shtml
25D-NBOMe,subs/exp_25DNBOMe.shtml
25E-NBOH,subs/exp_25ENBOH.shtml
25E-NBOMe,subs/exp_25ENBOMe.shtml
25G-NBOMe,subs/exp_25GNBOMe.shtml
25H-NBOMe,subs/exp_25HNBOMe.shtml
25I-NBOH,subs/exp_25INBOH.shtml
25I-NBOMe,subs/exp_25INBOMe.shtml
25N-NBOMe,subs/exp_25NNBOMe.shtml
25P-NBOMe,subs/exp_25PNBOMe.shtml
25T7-NBOMe,subs/exp_25T7NBOMe.shtml
2C-B,subs/exp_2CB.shtml
2C-B-Fly,subs/exp_2CBFly.shtml
2C-C,subs/exp_2CC.shtml
2C-D,subs/exp_2CD.shtml
2C-E,subs/exp_2CE.shtml
2C-EF,subs/exp_2CEF.shtml
2C-G-N,subs/exp_2CGN.shtml
2C-H,subs/exp_2CH.shtml
2C-I,subs/exp_2CI.shtml
2C-IP,subs/exp_2CIP.shtml
2C-N,subs/exp_2CN.shtml
2C-P,subs/exp_2CP.shtml
2C-T,subs/exp_2CT.shtml
2C-T-13,subs/exp_2CT13.shtml
2C-T-2,subs/exp_2CT2.shtml
2C-T-21,subs/exp_2CT21.shtml
2C-T-4,subs/exp_2CT4.shtml
2C-T-7,subs/exp_2CT7.shtml
2C-TFM,subs/exp_2CTFM.shtml
"3,4-Dichloromethylphenidate",subs/exp_34Dichloromethylphenidate.shtml
3-Chloroethcathinone,subs/exp_3Chloroethcathinone.shtml
3-Cl-PCP,subs/exp_3ClPCP.shtml
3-FEA,subs/exp_3FEA.shtml
3-Fluoroamphetamine,subs/exp_3Fluoroamphetamine.shtml
3-HO-PCE,subs/exp_3HOPCE.shtml
3-HO-PCP,subs/exp_3HOPCP.shtml
3-MEO-PCE,subs/exp_3MEOPCE.shtml
3-MeO-PCMo,subs/exp_3MeOPCMo.shtml
3-MeO-PCP,subs/exp_3MeOPCP.shtml
3-Methyl-PCP,subs/exp_3MethylPCP.shtml
3-Methylmethcathinone,subs/exp_3Methylmethcathinone.shtml
3C-E,subs/exp_3CE.shtml
3C-P,subs/exp_3CP.shtml
3F-PCP,subs/exp_3FPCP.shtml
3F-Phenmetrazine,subs/exp_3FPhenmetrazine.shtml
4-AcO-DALT,subs/exp_4AcODALT.shtml
4-AcO-DET,subs/exp_4AcODET.shtml
4-AcO-DiPT,subs/exp_4AcODiPT.shtml
4-AcO-DMT,subs/exp_4AcODMT.shtml
4-AcO-DPT,subs/exp_4AcODPT.shtml
4-AcO-EIPT,subs/exp_4AcOEIPT.shtml
4-AcO-EPT,subs/exp_4AcOEPT.shtml
4-AcO-MALT,subs/exp_4AcOMALT.shtml
4-AcO-MET,subs/exp_4AcOMET.shtml
4-AcO-MiPT,subs/exp_4AcOMiPT.shtml
4-AcO-MPT,subs/exp_4AcOMPT.shtml
4-Chloroethcathinone,subs/exp_4Chloroethcathinone.shtml
4-Ethylmethcathinone,subs/exp_4Ethylmethcathinone.shtml
4-Fluoroamphetamine,subs/exp_4Fluoroamphetamine.shtml
4-Fluorobutyrfentanyl,subs/exp_4Fluorobutyrfentanyl.shtml
4-Fluorococaine,subs/exp_4Fluorococaine.shtml
4-Fluoromethamphetamine,subs/exp_4Fluoromethamphetamine.shtml
4-Fluoromethcathinone,subs/exp_4Fluoromethcathinone.shtml
4-Fluoromethylphenidate,subs/exp_4Fluoromethylphenidate.shtml
4-HO-DET,subs/exp_4HODET.shtml
4-HO-DiPT,subs/exp_4HODiPT.shtml
4-HO-DPT,subs/exp_4HODPT.shtml
4-HO-EPT,subs/exp_4HOEPT.shtml
4-HO-MALT,subs/exp_4HOMALT.shtml
4-HO-MCPT,subs/exp_4HOMCPT.shtml
4-HO-MET,subs/exp_4HOMET.shtml
4-HO-MiPT,subs/exp_4HOMiPT.shtml
4-HO-MPT,subs/exp_4HOMPT.shtml
4-HO-PIPT,subs/exp_4HOPIPT.shtml
4-MeO-DMT,subs/exp_4MeODMT.shtml
4-MeO-MiPT,subs/exp_4MeOMiPT.shtml
4-MeO-PCP,subs/exp_4MeOPCP.shtml
4-Methoxymethcathinone,subs/exp_4Methoxymethcathinone.shtml
4-Methylaminorex,subs/exp_4Methylaminorex.shtml
4-Methylamphetamine,subs/exp_4Methylamphetamine.shtml
4-Methylethcathinone,subs/exp_4Methylethcathinone.shtml
4-Methylmethcathinone,subs/exp_4Methylmethcathinone.shtml
4-MTA,subs/exp_4MTA.shtml
4-PrO-DMT,subs/exp_4PrODMT.shtml
4C-D,subs/exp_4CD.shtml
4F-PHP,subs/exp_4FPHP.shtml
5-APB,subs/exp_5APB.shtml
5-APDB,subs/exp_5APDB.shtml
5-Chloro-AMT,subs/exp_5ChloroAMT.shtml
5-EAPB,subs/exp_5EAPB.shtml
5-IT,subs/exp_5IT.shtml
5-MAPB,subs/exp_5MAPB.shtml
5-MeO-AET,subs/exp_5MeOAET.shtml
5-MeO-AMT,subs/exp_5MeOAMT.shtml
5-MeO-BFE,subs/exp_5MeOBFE.shtml
5-MeO-DALT,subs/exp_5MeODALT.shtml
5-MeO-DET,subs/exp_5MeODET.shtml
5-MeO-DiBF,subs/exp_5MeODiBF.shtml
5-MeO-DiPT,subs/exp_5MeODiPT.shtml
5-MeO-DMT,subs/exp_5MeODMT.shtml
5-MeO-DPT,subs/exp_5MeODPT.shtml
5-MeO-EIPT,subs/exp_5MeOEIPT.shtml
5-MeO-MALT,subs/exp_5MeOMALT.shtml
5-MeO-MET,subs/exp_5MeOMET.shtml
5-MeO-MIPT,subs/exp_5MeOMIPT.shtml
5-MeO-TMT,subs/exp_5MeOTMT.shtml
5-Methoxy-Tryptamine,subs/exp_5MethoxyTryptamine.shtml
5-Methoxymethylone,subs/exp_5Methoxymethylone.shtml
5-Methyl-MDA,subs/exp_5MethylMDA.shtml
5F-AKB48,subs/exp_5FAKB48.shtml
6-APB,subs/exp_6APB.shtml
6-APDB,subs/exp_6APDB.shtml
6-MAPB,subs/exp_6MAPB.shtml
7-Hydroxymitragynine,subs/exp_7Hydroxymitragynine.shtml
AlphaStim100,subs/exp_AlphaStim100.shtml
Breathing,subs/exp_Breathing.shtml
Chanting,subs/exp_Chanting.shtml
Conferences,subs/exp_Conferences.shtml
Cranial Electrotherapy Stimulation,subs/exp_Cranial_Electrotherapy_Stimulation.shtml
Devices,subs/exp_Devices.shtml
Dreams,subs/exp_Dreams.shtml
Drug Testing,subs/exp_Drug_Testing.shtml
Endogenous,subs/exp_Endogenous.shtml
Families,subs/exp_Families.shtml
Fasting,subs/exp_Fasting.shtml
Floatation Tank,subs/exp_Floatation_Tank.shtml
Guiding,subs/exp_Guiding.shtml
Humor,subs/exp_Humor.shtml
Hyperventilation,subs/exp_Hyperventilation.shtml
Magnetic Devices,subs/exp_Magnetic_Devices.shtml
Meditation,subs/exp_Meditation.shtml
Migraines,subs/exp_Migraines.shtml
Mind Machine Devices,subs/exp_Mind_Machine_Devices.shtml
Mindfulness,subs/exp_Mindfulness.shtml
Music,subs/exp_Music.shtml
Nitrogen Narcosis,subs/exp_Nitrogen_Narcosis.shtml
OBE,subs/exp_OBE.shtml
Police / Customs,subs/exp_Police_I_Customs.shtml
Ritual,subs/exp_Ritual.shtml
Sleep Deprivation,subs/exp_Sleep_Deprivation.shtml
Sound (non-music),subs/exp_Sound_nonmusic.shtml
Sweating,subs/exp_Sweating.shtml
Transcranial Focused Ultrasound,subs/exp_Transcranial_Focused_Ultrasound.shtml
Yoga / Bodywork,subs/exp_Yoga_I_Bodywork.shtml
